Data,Nota,Texto,ID_Usuario,ID_Avaliacao
2025-10-21 20:36:25,5,muito top bom demais,Emerson Almeida de Oliveira,87e6788b-3491-471b-ab08-f820a2ceb0e3
2025-10-21 20:33:47,5,muito bom!,Jessika Almeida,85937105-28e7-4049-a4c5-8d3f65988889
2025-10-21 20:28:08,5,"o app √© muito bom, por√©m ele √© pago e tipo eu acho que agente n√£o deveria ficar pagando um app de m√∫sica s√≥ pq agente n√£o esta com cr√©dito ou com dinheiro pra ficar gastando com um app ent√£o do que adianta vc colocar cr√©dito ou pagar um app que diz ser gratuito e se vc n√£o ter internet ou pagar vc n√£o consegue escutar as m√∫sicas isso n√£o vale de nada, mais eu gosto do app.",Annavitoria Marques,7390ebc5-ddf5-4f13-a715-7989e6fa1b0a
2025-10-21 20:27:36,5,√≥tima experi√™ncia,Maria Jos√© varela da Costa Varela (Meury),50fd76f0-7490-44ea-91ff-4107fb572a2f
2025-10-21 20:23:18,5,um aplicativo maravilhoso que tem v√°rios cantores de todo modo,Carlos Emanuel Santos Silva,a074ce4e-9b6f-433f-a169-52f66c935ad1
2025-10-21 20:18:45,5,esse √© um dos melhores apps que eu j√° usei,Fabio Vitor,af18ac3e-6ce7-4f08-9092-20975ac2967e
2025-10-21 20:12:21,5,qualidade do som muito bom!!!,Diego Veloso,0a910c18-0ac2-46e4-b5cf-536eebeaab45
2025-10-21 20:08:56,3,Queria entender como eu pago o premium e mesmo assim aparece propaganda em poadcast...,Jo√£o Foltran,51bd4f92-f799-43a0-94b0-0f341aaafd54
2025-10-21 20:07:01,5,chave,Andrew Alexander,1b31aaac-ffdc-416a-82e6-680ae9f3ee6a
2025-10-21 19:59:02,4,"aplicativo bom, mas se voc√™ n√£o tiver o premium vai ter que ouvir muito an√∫ncio",Cecilia,79990c25-f010-4186-b93c-cf6439aa9133
2025-10-21 19:58:27,5,Este APP nos d√° o prazer de escutar a m√∫sica q gostamos onde quisermos e na hora q quisermosüòâ.,Sueli Pardini Lo Turco,35d2fbc6-22ee-431d-8556-96f939e5e60d
2025-10-21 19:55:42,3,"√© bom, mas sou quase que obrigado √† ter o premium e isso √© MT chato",Caio de Deus,fa50fffc-f1bb-48ea-b257-563ca3fab0ef
2025-10-21 19:53:53,5,muito bom mas tem q para de pedi dinheiro,Izis e Barbosa Sousa,126d1115-6524-434a-a97e-b8638323a9db
2025-10-21 19:48:59,3,"ele e muito bom,pra ouvir musica at√© mesmo com a tela desligada mas,tem muinto an√∫ncio,mal se passa m√∫sica e j√° come√ßa outro podiam mudar tmb de ter certos an√∫ncios de acordo com a idade certos an√∫ncios s√£o com musicas e s√£o bem expl√≠citas.obg pela aten√ß√£o.",Redoflove,181fa1fa-71fb-4dd6-a361-26b5c4f44621
2025-10-21 19:47:49,5,amo o app!,Vit√≥ria Gouveia,361a981e-341a-4584-833e-b8da64473534
2025-10-21 19:46:12,5,bem massa o aplicativo √≥,Nika Xz3,eff696a3-f902-4290-a8cc-e165e6ee127f
2025-10-21 19:42:10,1,eu Assinei o Pacote Premium individual e estou recebendo muita propaganda da claro e mais . como disse o suporte n√£o existe propaganda no Premium e porque vejo tanto me atrapalhando at√© a navega√ß√£o,Carlos Dony,55b4dbce-af22-4fc4-8c45-9232d6f83e8e
2025-10-21 19:41:45,4,√≥timo muito bom mesmo mas o problema √© que tem que pagar pra escutar a playlist em ordem,Edson,0f41412e-f6a7-4c2d-84b6-eb2c0c573716
2025-10-21 19:29:09,2,"tirando as propagandas insuport√°veis q est√£o cada vez mais longas e repetitivas e ningu√©m escuta propaganda, o app √© bom. mas deveria deixar baixar nossas playlists p o computador p escutar offline mas n√£o deixa.",Ma Ppn,22d64820-39dd-49e5-b561-7c58cbff05ee
2025-10-21 19:27:17,5,muito bom,Loren Munhoz,a857b6f2-2524-4a36-a05e-88e808e97d44
2025-10-21 19:25:47,1,"J√° foi muito melhor , hoje em dia o Spotify √© um lixo. Propagandas enganosas ,prometem um servi√ßo e n√£o entregam. Suporte horr√≠vel... N√£o recomendo.",Maria Julia Moralis Andre,2148a78f-5473-43b7-b800-20662cf36303
2025-10-21 19:22:47,5,top!!,Maria Aparecida,a37ae86b-205f-4918-a4c0-96dfbd5725d8
2025-10-21 19:12:53,5,√≥tima m√∫sica,Maria Camilo,1eddfbbc-38d8-415f-a68b-350567a2803b
2025-10-21 19:12:15,1,o aplicativo mais passa fome ja inventado puro mal caratismo,ERIKFIORE 11,9cac2af2-567c-4366-8726-66cc6866a5be
2025-10-21 19:03:23,3,"""escute agora meia hora sem interrup√ß√µes"" corta pra pr√≥xima m√∫sica tendo 4 comerciais em 1 faixa tocada.",Natasha Carolina (Elfa),2893d619-4553-4e68-aa76-4b170375c54d
2025-10-21 18:59:09,2,Acho muito ruim o fato de ter an√∫ncio. N√≥s n√£o podemos escolher uma m√∫sica que logo em seguida tem an√∫ncio e agora voc√™ precisa assistir um an√∫ncio para entrar no Spotify. Acho que com esse tanto de an√∫ncio fica chato. E eu acho que voc√™s deviam voltar com o Spotify Free por 3 meses de gra√ßa. Passar bem para quem t√° lendo.,Olivia,4275b1c1-38ae-4060-acf7-12b6f071716f
2025-10-21 18:52:40,5,muito bom uso todo dia,fabio vargas,fb52f361-562c-4b2f-afe6-676492ccec09
2025-10-21 18:44:09,5,amei.....üòçüòçüòçüòç,Ju Flor,99e0f888-3975-418d-9dea-6ff15eeb9ca7
2025-10-21 18:40:42,1,Mesmo pagando o premium eu sigo tendo an√∫ncios.,Nerisson Dias (Neo),442f3f51-1b9b-4856-bad6-bc3879cec1a3
2025-10-21 18:28:13,5,muito bom,Joao Viegasvasconcellos,577e3084-9553-4805-9643-37611b32d54c
2025-10-21 18:26:40,3,"√â o aplicativo de m√∫sica mais famoso, mas gosto de coisa gr√°tis.",Felipe Combina√ß√µes,a2039b7a-ee3f-4906-a0ec-e1d9e4c7b9c9
2025-10-21 18:26:27,4,top de mais,Paulo edson abreu,9d484bb8-3218-47d2-a54d-dde3cbc17a4f
2025-10-21 18:23:40,5,amei as pessoas que o que voc√™ mim por favor n√£o responda para o dia Pai que n√£o √© a mesma que voc√™,Beyonce Dokota,5ac678c6-6ecb-4040-b6ef-855b313aaa9d
2025-10-21 18:21:07,4,muito bom o Spotify,Jenilson Treinamentos,80168f37-c617-4354-803c-21ed082be671
2025-10-21 18:12:55,3,muito bom,Rogerio Dalmo,dd58ca24-b3d9-428c-8f2b-45d5d72e9f3c
2025-10-21 18:07:20,5,Bom,Sandra Santos,dc39e07f-b62b-4e0c-8f9b-c2159bc7ede3
2025-10-21 18:06:12,2,t√° precisando de dinheiro pra ter tanto an√∫ncio,Emy,e9108ac8-4640-4105-811c-bc786cde301e
2025-10-21 18:03:59,5,Demorando HORRORES pra abrir. No computador e no celular,Davyd Moraes,fa450c70-2459-4012-b0bb-85f89af36e09
2025-10-21 17:56:58,5,top,ronaldo lima,2e977a16-d96d-4abb-9088-b9b9a1beee2c
2025-10-21 17:48:29,5,üíö,Alexandre Caetano de Paiva,99fd8bdb-514f-4d34-9fc2-aa728a6c73f0
2025-10-21 17:41:36,5,recomendo,Alex Felix,42792bd9-82cc-447f-a827-007f0d94ca73
2025-10-21 17:36:53,5,Marcos Viana se voc√™ n√£o gostou ent√£o porque voc√™ deu cinco estrelas,Marcos Guimar√£es,c21ac4b9-469b-4661-a07d-3de2870dd08f
2025-10-21 17:24:36,5,eu gosto muito nao demora muito para achar as m√∫sicas que procuramos,Rita de Cassia de Lima De lima,a82fa210-2127-46f6-8406-1b14e95dfca8
2025-10-21 17:22:23,2,"O aplicativo em si √© muito bom, mas agora tem coisas que realmente n√£o d√°. Eu tenho MUITA coisa pra reclamar, como: os an√∫ncios, que a cada 3 m√∫sicas tem um an√∫ncio, e n√£o s√≥ isso, √†s vezes eles colocam uns 5 an√∫ncios de uma vez . S√≥ podemos escolher a m√∫sica que quisermos ouvir por um certo per√≠odo, porque depois desse per√≠odo √© obrigat√≥rio fazer um plano Premium. N√£o tem mais como pular an√∫ncios depois dos 15 segundos... Enfim, esse app t√° HORR√çVEL, melhorem imediatamente.",Alicia Cunha,17b855e6-2e5e-4b05-9107-eb00e0ec6527
2025-10-21 17:21:23,1,o Spotify umilha agente que n√£o tem condi√ß√µes para comprar o pr√™mio e √© muito limitado para escutar m√∫sica nele,Jo√£o Eduardo In√°cio de menezes,ca0d7d93-aadf-4611-9a34-a66a182c95b0
2025-10-21 17:20:20,4,poderia faz e pacote para amigos,Papis Mec,8331dc78-a478-4c17-bd56-d25ae591f98c
2025-10-21 17:07:08,5,muito bom,motoromi,072f7491-0d22-4c13-bacb-f507e4894536
2025-10-21 16:58:44,5,e um √≥timo aplicativo de m√∫sica de vez em quando vem umas promo√ß√µes no pr√™mio que vale muito a pena recomendo,Matheus Henrique Gomes Vieira,ab4ce5c7-3de0-4f6f-9ec1-62edf8a91756
2025-10-21 16:58:40,5,bacana,Rafael Oliveira,eb0667ee-32af-46e4-a94d-7ba421e65d14
2025-10-21 16:51:18,5,excelente APP,Will e fam√≠lia,9e7ca2eb-aa90-4af7-add3-00a6e945c464
2025-10-21 16:40:36,5,Th amzing,Douglas Sampaio,e19b0b0f-6512-4be3-81af-9c873b5c247b
2025-10-21 16:37:14,5,‚ú®‚ú®‚ú®‚ú®‚ú®,Ronaldy Costa,81db9885-c9ae-4051-8983-ea10f8999055
2025-10-21 16:32:26,5,√Émooo,Ana Vit√≥ria Medeiros da Silva Medeiros,277aeed6-2276-4969-8c7e-8d47699c9431
2025-10-21 16:01:42,3,"2 eu n√£o , vou e'7e,l2 isso w 2s25,z5‚Ç¨‚Ä¢‚Ä¢",jo√£o Neto,69d3a635-3aad-4080-8b42-250af301ef7e
2025-10-21 15:51:50,5,muito bom,Gui Amarodasilva,cff2db4c-d7ed-40e8-b9e4-9809582ac2ae
2025-10-21 15:35:49,1,S√≥ aumentam as mensalidades. Um Absurdo. Voc√™ baixa podcasts e n√£o reproduzem todos. Sempre tem um erro ou outra coisa pra piorar.,marcos fbena,323e153a-c1c7-4121-8cb6-5f77de274ed4
2025-10-21 15:28:21,5,"muito bom, sempre uso quando saio pra jogar futebol, e jogar no celular",Cristyan Silva,c8081de0-0017-4c76-9786-e5c033a4f001
2025-10-21 15:26:44,5,muito bom gostei muito,Denison Silva,ed283e98-426f-49fe-881f-3624fed8f5cc
2025-10-21 15:20:24,5,amoo,Adriele Bomfim,72a5c3a6-13ed-4724-a0f6-ac61e2e3d35f
2025-10-21 15:16:29,5,show,Douglas de Souza,2300664f-34e1-415f-9750-f8dfa78ef642
2025-10-21 15:09:05,5,muito bom viu gente üòä,Rita Maria,294d344c-1680-44a7-b919-3da2aec04c05
2025-10-21 15:06:25,5,Para divers√£o e tamb√©m para meus estudos ...amo!,Raquel Felix,ed8448bc-3c64-4922-8743-00ef0fbc1bcd
2025-10-21 14:51:46,3,"Acho a vers√£o Premium do app muito boa, mas com a √∫ltima atualiza√ß√£o as m√∫sicas n√£o est√£o sendo salvas corretamente nas playlists. Quando seleciono mais de uma playlist, a m√∫sica s√≥ fica salva na primeira que eu selecionar, enquanto as restantes n√£o salvam.",Cadu Maciel,3ab92874-5104-41fc-8370-775f27c692ce
2025-10-21 14:51:21,5,muito bem,Pimika Rocha,83c92388-db2e-4a37-8e37-8a4936710ff8
2025-10-21 14:50:13,5,muito bom otimo,Edgar Ramos,cfa3fd38-ffee-4eb5-a741-5bbb9f74898e
2025-10-21 14:47:46,5,Excelente!,RAQUEL DIAS,3cdd839b-5223-471e-bc01-f2c37b68caac
2025-10-21 14:47:22,5,Perfeito!! O gr√°tis tem an√∫ncios mas √© tranquilo üòâ,Sofia Madeira,4710e4c4-dadb-4ad2-8138-3f2c4f6b382c
2025-10-21 14:41:31,5,bom para pode ouvir m√∫sica e e muito bom com poucos comercias,Kevin Henrique,76ae99a7-e633-4bd4-b7bb-ae3f3e6a2ffb
2025-10-21 14:38:09,5,o melhor app de m√∫sica,Christian Evangelista,bda2ada8-7345-4bb5-bba7-265c5b2c6c57
2025-10-21 14:13:14,5,top demais üëèüëè‚ù§Ô∏è,ROSE TRINDADE,5fce3a78-806b-4cbd-aca8-9b19ef27e617
2025-10-21 14:10:53,5,muito bom esse app,Elaine Cristine,41a6a575-ffa1-4c5f-b2fd-d666f8670c3f
2025-10-21 14:09:10,5,tooppppp,Tevez Ibramovik,77de999c-f8c5-4b82-abfa-dc3e09186f7c
2025-10-21 14:08:37,5,top,Jo√£o Muginga,088b2b51-dd2d-4f85-ad8d-dc9d113ff707
2025-10-21 14:01:22,5,muito bom ajuda bastante,Glecia Silva,304c5dd4-c7f9-40b7-b4ad-20130196a163
2025-10-21 14:00:03,5,"√â um app f√°cil de usar, e se conecta facilmente. amei‚ù§Ô∏è a experi√™ncia de usar - lo. obrigado!ü§ù",Lucimar Fernandes Fernandes,a928bad3-4a68-4578-b40a-b991025514a0
2025-10-21 13:57:39,4,"muitos an√∫ncios, mais so com o premim pra poder aproveitar sua vibe das m√∫sicas mais amo muito e faz muita parte da minha rotina.",Bianka Fernandes,c0d813ff-ec32-4175-a10f-b0896a006edf
2025-10-21 13:56:29,5,muito bom üëç üëç üëç,Elbiojoseluiz,eee96ad8-8ca5-4cc3-8bd4-c57fb46c8ef3
2025-10-21 13:55:23,1,colocou m√∫sica m√° quando a minha m√£e estava perto isto √© uma denicia,Maria Luiza,ba3dd3f9-2045-4e13-87ff-a45d8e3a2882
2025-10-21 13:49:15,5,top demais üëèüèøüëèüèøüëèüèø,Glebiton aquino Aquino,1c2f39db-ae5c-47a1-806e-b9425e00c478
2025-10-21 13:45:54,5,adorei,Elizabette Reis,11ddff43-c21e-49b8-ad81-d1ff76dfec06
2025-10-21 13:43:28,2,"meu Spotify t√° travando muito cara, e eu pago o Premium ainda, tipo eu coloco uma m√∫sica e ele trava do nada e dps cont√≠nua tocando entre outros bugs",Maria Clara,30215cee-4178-41b8-beb3-f8a73fe367ae
2025-10-21 13:40:28,5,Simplesmente O MELHOR!!!,Rafael Valin de Souza,33fa9248-0e73-4769-9afb-9ca4bb2713fc
2025-10-21 13:37:05,5,bom app recomendo demais üëèüëèüëèüëè,Richard Franca,58157c8f-0ce3-4ee9-8a9e-c50cde611d68
2025-10-21 13:34:28,3,"Acabei assinando o plano individual que seria 4 meses R$ 11,90 e cobraram R$ 23,90. J√° comecei com uma experi√™ncia ruim. Na verdade, pensando em voltar para Deezer.",Denis Feliciano Sirqueira,405e81f7-ffa6-4a03-b885-6b3f7e1d1928
2025-10-21 13:26:39,5,"sensacional , gosto muito",CARLOS ALBERTO,e119a60a-1b54-4ea2-bd37-d25a40204b74
2025-10-21 13:25:17,5,muito bom,jonas deplay,429d41b2-7260-4c62-95d8-0f7fcb8972c1
2025-10-21 13:25:14,5,experi√™ncia √∫nica de viver com a melodia de todo mundo.,Agostinho Fernando Domingos Ant√≥nio,0cae0ad1-51fd-4e0b-a482-4cd57e10c6c5
2025-10-21 13:23:16,5,bom demais...,Thi Montt,2112ebd1-c61f-4cac-97ec-254342d88f13
2025-10-21 13:22:01,5,muito bom nas m√∫sicas,Luciara Freire,206c9753-aa1b-491c-b7c7-b07dc3bee6bc
2025-10-21 13:18:00,3,"Utilizo o aplicativo h√° um bom tempo e recentemente us√°-lo tornou-se dif√≠cil. Est√° lento, n√£o responde aos comandos, √© preciso reativar configura√ß√µes diariamente, ou seja, n√£o memoriza as prefer√™ncias do usu√°rio. Poderia ser melhor j√° que a assinatura est√° cada vez mais cara.",Jullyana Fran√ßa Soares,105839b8-2044-4e73-a808-60bc647b7de7
2025-10-21 13:18:00,5,√≥timo aplicativo,Carolina Camargo Medeiros,2d12f728-c0f2-4c3f-8b70-3f82af33d4b5
2025-10-21 13:08:44,1,"o aplicativo em si √© decente mas a vers√£o gratuita √© insuport√°vel quase 3 minutos de ad entre as m√∫sicas que n√£o d√° pra pular, sem falar que uns 99% dos an√∫ncios s√£o sobre o pr√≥prio spotify QUE A GENTE J√Å EST√Å USANDO, o unico benef√≠cio que o premium interessa √© n√£o ter an√∫ncio e isso todo mundo ja sabe que tem, n√£o precisa ficar anunciando no pr√≥prio app por mais tempo que uma m√∫sica se n√£o fosse esse inferno o app seria muito bom, nunca vou pagar por um app que inferniza os usu√°rios gratuitos",Pedro Ribeiro,0a925ae5-0f7b-4283-985a-ebb04830ac34
2025-10-21 13:05:41,5,excelente üëè,Rovea Jud,66c19c46-959a-4ddf-9f0d-489bfc4dac2e
2025-10-21 13:05:39,4,"s√≥ n dou 5 estrelas pq tem an√∫ncio, MTO an√∫ncio mas √© √≥timo!!",mariana Fernandes,e93464c1-df64-4e26-96d4-7326c3f46cb2
2025-10-21 13:03:03,5,Estou gostando muito,Nayara Vieira,7def20f7-a28a-4a27-af4d-b5ca5816d599
2025-10-21 13:01:12,1,AGORA AT√â PARA REPRODUZIR A M√öSICA N√ÉO T√Å INDO ANDROID 15 AFF. PAGUEI A VERS√ÉO PREMIUM M√ÅS EST√ÉO REMOVENDO OS DOWNLOADS. DO QUE ADIANTA PAGAR MELHOR USAR A CRACKEADA DESSE JEITO UAI,Ronan Vieira,d1fdccf2-ea51-4a8f-815e-78f8cc32dcc0
2025-10-21 12:59:34,5,Excelente,Marcelo Montefusco,dc6b64ae-f66b-4bae-a606-ee59c75f3ba0
2025-10-21 12:55:35,4,"muito bom, por√©m dps de algum tempo ele para de tocar a m√∫sica, a√≠ tem q abrir o app e a m√∫sica volta tudo",Patricia Rodrigues da Fonseca Silva,f6bcfd4b-52aa-4fd4-b5c7-d1b317282bc3
2025-10-21 12:52:38,5,amo demaissss,Ellen regina Vasconcelos,7a4f0d14-e7fe-4b7e-84e6-e26e821f511b
2025-10-21 12:37:16,5,muito bom o app obg por tudo vlw,Daniel Levi,49e1b77d-36cc-47b7-96f5-faf51a9742e9
